Workbook
Name вахта: #REF!
Name вахтовый: #REF!
Name ддд: [1]Лист1!$A$1:$IV$65536
Name ло: [2]Лист1!$1:$1048576
Name ппп: #REF!
Name реж: '[3]впр режим'!$1:$1048576
Name ррр: #REF!
Name т: [4]режим!$1:$1048576
Name ш: #REF!

Sheet 93
G1: Кезекшілік журналы/тәуліктік ақпарат
F2: ТҚ-93 мәліметі | I2: " " | M2: 2026ж. | P2: Шебер:
A4: №№ | B4: № ГУ | C4: № ЗУ | D4: Отвод | E4: № скв | F4: гор | G4: Режим | J4: Рбуф | K4: Рзат | L4: Ескерту | M4: Мәлімет
G5: Qж | H5: % | I5: Qн
A6: 1 | B6: ГУ-93 | C6: ГУ-93 ЗУ - 93а | D6: 1 | E6: 4218 | F6: =VLOOKUP(E6,ддд,2,FALSE) -> 13 | G6: =VLOOKUP(E6,ддд,3,FALSE) -> 20 | H6: =VLOOKUP(E6,ддд,4,FALSE) -> 75 | I6: =VLOOKUP(E6,ддд,5,FALSE) -> 4.195 | M6: Барлығы- | O6: Жұмыста- | Q6: Тұрғаны-
A7: 2 | D7: 2 | E7: 7108 | F7: =VLOOKUP(E7,ддд,2,FALSE) -> 16 | G7: =VLOOKUP(E7,ддд,3,FALSE) -> 75 | H7: =VLOOKUP(E7,ддд,4,FALSE) -> 92 | I7: =VLOOKUP(E7,ддд,5,FALSE) -> 5.034 | M7: Бас құбыр- | O7: Қазан- | Q7: ГӨЗ-
A8: 3 | D8: 3 | E8: 9797 | F8: =VLOOKUP(E8,ддд,2,FALSE) -> 15 | G8: =VLOOKUP(E8,ддд,3,FALSE) -> 40 | H8: =VLOOKUP(E8,ддд,4,FALSE) -> 85 | I8: =VLOOKUP(E8,ддд,5,FALSE) -> 5.034 | M8: Химреагент
A9: 4 | D9: 5 | E9: 4774 | F9: =VLOOKUP(E9,ддд,2,FALSE) -> 15 | G9: =VLOOKUP(E9,ддд,3,FALSE) -> 35 | H9: =VLOOKUP(E9,ддд,4,FALSE) -> 85 | I9: =VLOOKUP(E9,ддд,5,FALSE) -> 4.40475 | M9: объект | N9: деңгейі | P9: объект | Q9: деңгейі
A10: 5 | D10: 6 | E10: 8361 | F10: =VLOOKUP(E10,ддд,2,FALSE) -> 16 | G10: =VLOOKUP(E10,ддд,3,FALSE) -> 125 | H10: =VLOOKUP(E10,ддд,4,FALSE) -> 94 | I10: =VLOOKUP(E10,ддд,5,FALSE) -> 6.2925
A11: 6 | D11: 7 | E11: 9731 | F11: =VLOOKUP(E11,ддд,2,FALSE) -> 15 | G11: =VLOOKUP(E11,ддд,3,FALSE) -> 45 | H11: =VLOOKUP(E11,ддд,4,FALSE) -> 90 | I11: =VLOOKUP(E11,ддд,5,FALSE) -> 3.7755
A12: 7 | D12: 8 | E12: 7958 | F12: =VLOOKUP(E12,ддд,2,FALSE) -> 15/16 | G12: =VLOOKUP(E12,ддд,3,FALSE) -> 35 | H12: =VLOOKUP(E12,ддд,4,FALSE) -> 92 | I12: =VLOOKUP(E12,ддд,5,FALSE) -> 2.3492
A13: 8 | D13: 9 | E13: 5292 | F13: =VLOOKUP(E13,ддд,2,FALSE) -> 14 | G13: =VLOOKUP(E13,ддд,3,FALSE) -> 30 | H13: =VLOOKUP(E13,ддд,4,FALSE) -> 92 | I13: =VLOOKUP(E13,ддд,5,FALSE) -> 2.0136
A14: 9 | D14: 10 | E14: 2118 | F14: =VLOOKUP(E14,ддд,2,FALSE) -> 13 | G14: =VLOOKUP(E14,ддд,3,FALSE) -> 70 | H14: =VLOOKUP(E14,ддд,4,FALSE) -> 94 | I14: =VLOOKUP(E14,ддд,5,FALSE) -> 3.5238
A15: 10 | D15: 11 | E15: 8638 | F15: 15 | G15: 40 | H15: 85 | I15: 5.034
A16: 11 | D16: 12 | E16: 9641 | F16: =VLOOKUP(E16,ддд,2,FALSE) -> 14 | G16: =VLOOKUP(E16,ддд,3,FALSE) -> 40 | H16: =VLOOKUP(E16,ддд,4,FALSE) -> 85 | I16: =VLOOKUP(E16,ддд,5,FALSE) -> 5.034
A17: 12 | D17: 13 | E17: 4857 | F17: =VLOOKUP(E17,ддд,2,FALSE) -> 14 | G17: =VLOOKUP(E17,ддд,3,FALSE) -> 70 | H17: =VLOOKUP(E17,ддд,4,FALSE) -> 93 | I17: =VLOOKUP(E17,ддд,5,FALSE) -> 4.1111 | M17: Пештер
A18: 13 | D18: 14 | E18: 5672 | F18: =VLOOKUP(E18,ддд,2,FALSE) -> 15 | G18: =VLOOKUP(E18,ддд,3,FALSE) -> 30 | H18: =VLOOKUP(E18,ддд,4,FALSE) -> 92 | I18: =VLOOKUP(E18,ддд,5,FALSE) -> 2.0136 | M18: объект | N18: қосулы / өшірулі | O18: су деңгейі | P18: объект | Q18: қосулы / өшірулі | R18: су деңгейі
A19: 14 | C19: ГУ-93 ЗУ-93б | D19: 1 | E19: 7482 | F19: =VLOOKUP(E19,ддд,2,FALSE) -> 15 | G19: =VLOOKUP(E19,ддд,3,FALSE) -> 5 | H19: =VLOOKUP(E19,ддд,4,FALSE) -> 80 | I19: =VLOOKUP(E19,ддд,5,FALSE) -> 0.839
A20: 15 | D20: 2 | E20: 5719 | F20: =VLOOKUP(E20,ддд,2,FALSE) -> 14 | G20: =VLOOKUP(E20,ддд,3,FALSE) -> 50 | H20: =VLOOKUP(E20,ддд,4,FALSE) -> 90 | I20: =VLOOKUP(E20,ддд,5,FALSE) -> 4.195
A21: 16 | D21: 3 | E21: 8235 | F21: 14 | G21: =VLOOKUP(E21,ддд,3,FALSE) -> 10 | H21: =VLOOKUP(E21,ддд,4,FALSE) -> 50 | I21: =VLOOKUP(E21,ддд,5,FALSE) -> 4.195
A22: 17 | D22: 4 | E22: 2119 | F22: =VLOOKUP(E22,ддд,2,FALSE) -> 13 | G22: =VLOOKUP(E22,ддд,3,FALSE) -> 35 | H22: =VLOOKUP(E22,ддд,4,FALSE) -> 93 | I22: =VLOOKUP(E22,ддд,5,FALSE) -> 2.05555
A23: 18 | D23: 5 | E23: 7546 | F23: =VLOOKUP(E23,ддд,2,FALSE) -> 13 | G23: =VLOOKUP(E23,ддд,3,FALSE) -> 40 | H23: =VLOOKUP(E23,ддд,4,FALSE) -> 93 | I23: =VLOOKUP(E23,ддд,5,FALSE) -> 2.3492
A24: 19 | D24: 6 | E24: 8236 | F24: =VLOOKUP(E24,ддд,2,FALSE) -> 13 | G24: =VLOOKUP(E24,ддд,3,FALSE) -> 60 | H24: =VLOOKUP(E24,ддд,4,FALSE) -> 92 | I24: =VLOOKUP(E24,ддд,5,FALSE) -> 4.0272
A25: 20 | D25: 8 | E25: 4282 | F25: =VLOOKUP(E25,ддд,2,FALSE) -> 14 | G25: =VLOOKUP(E25,ддд,3,FALSE) -> 35 | H25: =VLOOKUP(E25,ддд,4,FALSE) -> 90 | I25: =VLOOKUP(E25,ддд,5,FALSE) -> 2.9365
A26: 21 | D26: 9 | E26: 8242 | F26: =VLOOKUP(E26,ддд,2,FALSE) -> 13 | G26: =VLOOKUP(E26,ддд,3,FALSE) -> 55 | H26: =VLOOKUP(E26,ддд,4,FALSE) -> 94 | I26: =VLOOKUP(E26,ддд,5,FALSE) -> 2.7687
A27: 22 | D27: 10 | E27: 4850 | F27: =VLOOKUP(E27,ддд,2,FALSE) -> 14 | G27: =VLOOKUP(E27,ддд,3,FALSE) -> 35 | H27: =VLOOKUP(E27,ддд,4,FALSE) -> 85 | I27: =VLOOKUP(E27,ддд,5,FALSE) -> 4.40475
A28: 23 | D28: 11 | E28: 8938 | F28: =VLOOKUP(E28,ддд,2,FALSE) -> 13 | G28: =VLOOKUP(E28,ддд,3,FALSE) -> 70 | H28: =VLOOKUP(E28,ддд,4,FALSE) -> 93 | I28: =VLOOKUP(E28,ддд,5,FALSE) -> 4.1111
A29: 24 | D29: 12 | E29: 8243 | F29: =VLOOKUP(E29,ддд,2,FALSE) -> 14 | G29: =VLOOKUP(E29,ддд,3,FALSE) -> 35 | H29: =VLOOKUP(E29,ддд,4,FALSE) -> 90 | I29: =VLOOKUP(E29,ддд,5,FALSE) -> 2.9365
A30: 25 | D30: 13 | E30: 9687 | F30: =VLOOKUP(E30,ддд,2,FALSE) -> 15 | G30: =VLOOKUP(E30,ддд,3,FALSE) -> 40 | H30: =VLOOKUP(E30,ддд,4,FALSE) -> 92 | I30: =VLOOKUP(E30,ддд,5,FALSE) -> 2.6848
A31: 26 | D31: 14 | E31: 1189 | M31: Сораптар
A32: 27 | C32: ГУ-93 ЗУ-93 в | D32: 1 | E32: 4615 | F32: =VLOOKUP(E32,ддд,2,FALSE) -> 13 | G32: =VLOOKUP(E32,ддд,3,FALSE) -> 25 | H32: =VLOOKUP(E32,ддд,4,FALSE) -> 75 | I32: =VLOOKUP(E32,ддд,5,FALSE) -> 5.24375 | M32: 1 | P32: 4
A33: 28 | D33: 2 | E33: 6858 | F33: =VLOOKUP(E33,ддд,2,FALSE) -> 13 | G33: =VLOOKUP(E33,ддд,3,FALSE) -> 40 | H33: =VLOOKUP(E33,ддд,4,FALSE) -> 80 | I33: =VLOOKUP(E33,ддд,5,FALSE) -> 6.712 | M33: 2 | P33: 5
A34: 29 | D34: 3 | E34: 2123 | F34: =VLOOKUP(E34,ддд,2,FALSE) -> 14 | G34: =VLOOKUP(E34,ддд,3,FALSE) -> 45 | H34: =VLOOKUP(E34,ддд,4,FALSE) -> 92 | I34: =VLOOKUP(E34,ддд,5,FALSE) -> 3.0204 | M34: 3 | P34: 6
A35: 30 | D35: 4 | E35: 2952 | F35: =VLOOKUP(E35,ддд,2,FALSE) -> 13 | G35: =VLOOKUP(E35,ддд,3,FALSE) -> 50 | H35: =VLOOKUP(E35,ддд,4,FALSE) -> 93 | I35: =VLOOKUP(E35,ддд,5,FALSE) -> 2.9365 | M35: Мұнайшылар
A36: 31 | D36: 5 | E36: 547 | F36: =VLOOKUP(E36,ддд,2,FALSE) -> 13 | G36: =VLOOKUP(E36,ддд,3,FALSE) -> 30 | H36: =VLOOKUP(E36,ддд,4,FALSE) -> 95 | I36: =VLOOKUP(E36,ддд,5,FALSE) -> 1.2585 | N36: Аты Жөні | R36: статус
A37: 32 | D37: 6 | E37: 4609 | F37: =VLOOKUP(E37,ддд,2,FALSE) -> 13 | G37: =VLOOKUP(E37,ддд,3,FALSE) -> 30 | H37: =VLOOKUP(E37,ддд,4,FALSE) -> 65 | I37: =VLOOKUP(E37,ддд,5,FALSE) -> 8.8095 | M37: 1
A38: 33 | D38: 7 | E38: 8940 | F38: =VLOOKUP(E38,ддд,2,FALSE) -> 13 | G38: =VLOOKUP(E38,ддд,3,FALSE) -> 55 | H38: =VLOOKUP(E38,ддд,4,FALSE) -> 94 | I38: =VLOOKUP(E38,ддд,5,FALSE) -> 2.7687 | M38: 2
A39: 34 | D39: 13 | E39: 1194 | F39: =VLOOKUP(E39,ддд,2,FALSE) -> 13 | G39: =VLOOKUP(E39,ддд,3,FALSE) -> 35 | H39: =VLOOKUP(E39,ддд,4,FALSE) -> 95 | I39: =VLOOKUP(E39,ддд,5,FALSE) -> 1.46825 | M39: 3
A40: 35 | D40: 14 | E40: 8529 | F40: =VLOOKUP(E40,ддд,2,FALSE) -> 16 | G40: =VLOOKUP(E40,ддд,3,FALSE) -> 30 | H40: =VLOOKUP(E40,ддд,4,FALSE) -> 50 | I40: =VLOOKUP(E40,ддд,5,FALSE) -> 12.585 | M40: 4
A41: 36 | C41: ГУ-93 ЗУ-93 г | D41: 1 | E41: 8347 | F41: =VLOOKUP(E41,ддд,2,FALSE) -> 14 | G41: =VLOOKUP(E41,ддд,3,FALSE) -> 30 | H41: =VLOOKUP(E41,ддд,4,FALSE) -> 60 | I41: =VLOOKUP(E41,ддд,5,FALSE) -> 10.068 | M41: 5
A42: 37 | D42: 2 | E42: 6863 | F42: =VLOOKUP(E42,ддд,2,FALSE) -> 13 | G42: =VLOOKUP(E42,ддд,3,FALSE) -> 50 | H42: =VLOOKUP(E42,ддд,4,FALSE) -> 90 | I42: =VLOOKUP(E42,ддд,5,FALSE) -> 4.195 | M42: 6
A43: 38 | D43: 3 | E43: 1193 | F43: =VLOOKUP(E43,ддд,2,FALSE) -> 13 | G43: =VLOOKUP(E43,ддд,3,FALSE) -> 60 | H43: =VLOOKUP(E43,ддд,4,FALSE) -> 92 | I43: =VLOOKUP(E43,ддд,5,FALSE) -> 4.0272 | M43: 7
A44: 39 | D44: 5 | E44: 9437 | F44: =VLOOKUP(E44,ддд,2,FALSE) -> 13 | G44: =VLOOKUP(E44,ддд,3,FALSE) -> 40 | H44: =VLOOKUP(E44,ддд,4,FALSE) -> 90 | I44: =VLOOKUP(E44,ддд,5,FALSE) -> 3.356 | M44: 8
A45: 40 | D45: 6 | E45: 9684 | F45: =VLOOKUP(E45,ддд,2,FALSE) -> 14 | G45: =VLOOKUP(E45,ддд,3,FALSE) -> 25 | H45: =VLOOKUP(E45,ддд,4,FALSE) -> 60 | I45: =VLOOKUP(E45,ддд,5,FALSE) -> 8.39 | M45: 9
A46: 41 | D46: 7 | E46: 9810 | F46: =VLOOKUP(E46,ддд,2,FALSE) -> 14 | G46: =VLOOKUP(E46,ддд,3,FALSE) -> 40 | H46: =VLOOKUP(E46,ддд,4,FALSE) -> 60 | I46: =VLOOKUP(E46,ддд,5,FALSE) -> 13.424
A47: 42 | D47: 9 | E47: 6084 | F47: =VLOOKUP(E47,ддд,2,FALSE) -> 14 | G47: =VLOOKUP(E47,ддд,3,FALSE) -> 20 | H47: =VLOOKUP(E47,ддд,4,FALSE) -> 90 | I47: =VLOOKUP(E47,ддд,5,FALSE) -> 1.678 | M47: Сығымдау(опрессовка)
A48: 43 | D48: 10 | E48: 5602 | F48: =VLOOKUP(E48,ддд,2,FALSE) -> 15 | G48: =VLOOKUP(E48,ддд,3,FALSE) -> 60 | H48: =VLOOKUP(E48,ддд,4,FALSE) -> 50 | I48: =VLOOKUP(E48,ддд,5,FALSE) -> 25.17 | M48: скв | N48: +/- | O48: скв | P48: +/- | Q48: скв | R48: +/- | S48: Ескерту
A49: 44 | D49: 11 | E49: 6443 | F49: =VLOOKUP(E49,ддд,2,FALSE) -> 14 | G49: =VLOOKUP(E49,ддд,3,FALSE) -> 25 | H49: =VLOOKUP(E49,ддд,4,FALSE) -> 70 | I49: =VLOOKUP(E49,ддд,5,FALSE) -> 6.2925
A50: 45 | D50: 13 | E50: 5671 | F50: =VLOOKUP(E50,ддд,2,FALSE) -> 14 | G50: =VLOOKUP(E50,ддд,3,FALSE) -> 55 | H50: =VLOOKUP(E50,ддд,4,FALSE) -> 92 | I50: =VLOOKUP(E50,ддд,5,FALSE) -> 3.6916
A51: 46 | C51: ГУ-93 ЗУ-93 д | D51: 1 | E51: 8250 | F51: =VLOOKUP(E51,ддд,2,FALSE) -> 14 | G51: =VLOOKUP(E51,ддд,3,FALSE) -> 20 | H51: =VLOOKUP(E51,ддд,4,FALSE) -> 55 | I51: =VLOOKUP(E51,ддд,5,FALSE) -> 7.551
A52: 47 | D52: 2 | E52: 7504 | F52: =VLOOKUP(E52,ддд,2,FALSE) -> 13 | G52: =VLOOKUP(E52,ддд,3,FALSE) -> 15 | H52: =VLOOKUP(E52,ддд,4,FALSE) -> 85 | I52: =VLOOKUP(E52,ддд,5,FALSE) -> 1.88775
A53: 48 | D53: 3 | E53: 3834 | F53: =VLOOKUP(E53,ддд,2,FALSE) -> 14 | G53: =VLOOKUP(E53,ддд,3,FALSE) -> 25 | H53: =VLOOKUP(E53,ддд,4,FALSE) -> 65 | I53: =VLOOKUP(E53,ддд,5,FALSE) -> 7.34125 | M53: Техника
A54: 49 | D54: 4 | E54: 9811 | F54: =VLOOKUP(E54,ддд,2,FALSE) -> 13 | G54: =VLOOKUP(E54,ддд,3,FALSE) -> 20 | H54: =VLOOKUP(E54,ддд,4,FALSE) -> 65 | I54: =VLOOKUP(E54,ддд,5,FALSE) -> 5.873
A55: 50 | D55: 5 | E55: 9686 | F55: =VLOOKUP(E55,ддд,2,FALSE) -> 14 | G55: =VLOOKUP(E55,ддд,3,FALSE) -> 60 | H55: =VLOOKUP(E55,ддд,4,FALSE) -> 85 | I55: =VLOOKUP(E55,ддд,5,FALSE) -> 7.551
A56: 51 | D56: 6 | E56: 8346 | F56: =VLOOKUP(E56,ддд,2,FALSE) -> 14 | G56: =VLOOKUP(E56,ддд,3,FALSE) -> 35 | H56: =VLOOKUP(E56,ддд,4,FALSE) -> 60 | I56: =VLOOKUP(E56,ддд,5,FALSE) -> 11.746
A57: 52 | D57: 7 | E57: 9796 | F57: =VLOOKUP(E57,ддд,2,FALSE) -> 15 | G57: =VLOOKUP(E57,ддд,3,FALSE) -> 25 | H57: =VLOOKUP(E57,ддд,4,FALSE) -> 75 | I57: =VLOOKUP(E57,ддд,5,FALSE) -> 5.24375
A58: 53 | D58: 8 | E58: 6604 | F58: =VLOOKUP(E58,ддд,2,FALSE) -> 14 | G58: =VLOOKUP(E58,ддд,3,FALSE) -> 30 | H58: =VLOOKUP(E58,ддд,4,FALSE) -> 85 | I58: =VLOOKUP(E58,ддд,5,FALSE) -> 3.7755 | M58: Беларусь | P58: ППУ мен жуылған объекттер
A59: 54 | D59: 9 | E59: 9685 | F59: =VLOOKUP(E59,ддд,2,FALSE) -> 14 | G59: =VLOOKUP(E59,ддд,3,FALSE) -> 95 | H59: =VLOOKUP(E59,ддд,4,FALSE) -> 92 | I59: =VLOOKUP(E59,ддд,5,FALSE) -> 6.3764 | M59: 1 | P59: 1 | R59: 4
A60: 55 | D60: 10 | E60: 6865 | F60: =VLOOKUP(E60,ддд,2,FALSE) -> 13 | G60: =VLOOKUP(E60,ддд,3,FALSE) -> 55 | H60: =VLOOKUP(E60,ддд,4,FALSE) -> 93 | I60: =VLOOKUP(E60,ддд,5,FALSE) -> 3.23015 | M60: 2 | P60: 2 | R60: 5
A61: 56 | D61: 11 | E61: 7968 | F61: =VLOOKUP(E61,ддд,2,FALSE) -> 15 | G61: =VLOOKUP(E61,ддд,3,FALSE) -> 50 | H61: =VLOOKUP(E61,ддд,4,FALSE) -> 85 | I61: =VLOOKUP(E61,ддд,5,FALSE) -> 6.2925 | M61: 3 | P61: 3 | R61: 6
A62: 57 | D62: 12 | E62: 3833 | F62: =VLOOKUP(E62,ддд,2,FALSE) -> 15 | G62: =VLOOKUP(E62,ддд,3,FALSE) -> 25 | H62: =VLOOKUP(E62,ддд,4,FALSE) -> 80 | I62: =VLOOKUP(E62,ддд,5,FALSE) -> 4.195 | M62: Бульдозермен тазаланған скв №
A63: 58 | D63: 13 | E63: 6315 | F63: =VLOOKUP(E63,ддд,2,FALSE) -> 15 | G63: =VLOOKUP(E63,ддд,3,FALSE) -> 30 | H63: =VLOOKUP(E63,ддд,4,FALSE) -> 75 | I63: =VLOOKUP(E63,ддд,5,FALSE) -> 6.2925
A64: 59 | D64: 14 | E64: 2590 | F64: =VLOOKUP(E64,ддд,2,FALSE) -> 15 | G64: =VLOOKUP(E64,ддд,3,FALSE) -> 30 | H64: =VLOOKUP(E64,ддд,4,FALSE) -> 70 | I64: =VLOOKUP(E64,ддд,5,FALSE) -> 7.551 | M64: Қолмен тазаланған скв №
A65: 60 | C65: ГУ-93 ЗУ-93 Е | D65: 1 | E65: 7510 | F65: =VLOOKUP(E65,ддд,2,FALSE) -> 13 | G65: =VLOOKUP(E65,ддд,3,FALSE) -> 25 | H65: =VLOOKUP(E65,ддд,4,FALSE) -> 60 | I65: =VLOOKUP(E65,ддд,5,FALSE) -> 8.39
A66: 61 | D66: 2 | E66: 8237 | F66: =VLOOKUP(E66,ддд,2,FALSE) -> 13 | G66: =VLOOKUP(E66,ддд,3,FALSE) -> 15 | H66: =VLOOKUP(E66,ддд,4,FALSE) -> 55 | I66: =VLOOKUP(E66,ддд,5,FALSE) -> 5.66325
A67: 62 | E67: 9456 | F67: =VLOOKUP(E67,ддд,2,FALSE) -> 13 | G67: =VLOOKUP(E67,ддд,3,FALSE) -> 45 | H67: =VLOOKUP(E67,ддд,4,FALSE) -> 85 | I67: =VLOOKUP(E67,ддд,5,FALSE) -> 5.66325
A68: 63 | D68: 3 | E68: 7709 | F68: =VLOOKUP(E68,ддд,2,FALSE) -> 13 | G68: =VLOOKUP(E68,ддд,3,FALSE) -> 40 | H68: =VLOOKUP(E68,ддд,4,FALSE) -> 93 | I68: =VLOOKUP(E68,ддд,5,FALSE) -> 2.3492
A69: 64 | D69: 6 | E69: 8238 | F69: =VLOOKUP(E69,ддд,2,FALSE) -> 13 | G69: =VLOOKUP(E69,ддд,3,FALSE) -> 25 | H69: =VLOOKUP(E69,ддд,4,FALSE) -> 70 | I69: =VLOOKUP(E69,ддд,5,FALSE) -> 6.2925 | M69: Скважиналарды өңдеу-сауықтыру жұмыстары (ЫСЖ,ОПЗ,т.б)
A70: 65 | D70: 7 | E70: 8239 | F70: =VLOOKUP(E70,ддд,2,FALSE) -> 13 | G70: =VLOOKUP(E70,ддд,3,FALSE) -> 25 | H70: =VLOOKUP(E70,ддд,4,FALSE) -> 75 | I70: =VLOOKUP(E70,ддд,5,FALSE) -> 5.24375 | M70: №р/с | N70: Скв № | O70: Өңдеу түрі | P70: Көлемі,м3 | Q70: Р басы | R70: Р соңы | S70: Ескерту
A71: 66 | D71: 8 | E71: 7509 | F71: =VLOOKUP(E71,ддд,2,FALSE) -> 13 | G71: =VLOOKUP(E71,ддд,3,FALSE) -> 65 | H71: =VLOOKUP(E71,ддд,4,FALSE) -> 95 | I71: =VLOOKUP(E71,ддд,5,FALSE) -> 2.72675 | M71: 1
A72: 67 | D72: 9 | E72: 8245 | F72: =VLOOKUP(E72,ддд,2,FALSE) -> 13 | G72: =VLOOKUP(E72,ддд,3,FALSE) -> 25 | H72: =VLOOKUP(E72,ддд,4,FALSE) -> 93 | I72: =VLOOKUP(E72,ддд,5,FALSE) -> 1.46825 | M72: 2
A73: 68 | D73: 10 | E73: 6862 | F73: =VLOOKUP(E73,ддд,2,FALSE) -> 13 | G73: =VLOOKUP(E73,ддд,3,FALSE) -> 55 | H73: =VLOOKUP(E73,ддд,4,FALSE) -> 90 | I73: =VLOOKUP(E73,ддд,5,FALSE) -> 4.6145 | M73: 3
A74: 69 | D74: 11 | E74: 7155 | F74: =VLOOKUP(E74,ддд,2,FALSE) -> 13 | G74: =VLOOKUP(E74,ддд,3,FALSE) -> 20 | H74: =VLOOKUP(E74,ддд,4,FALSE) -> 75 | I74: =VLOOKUP(E74,ддд,5,FALSE) -> 4.195 | M74: 4
A75: 70 | D75: 14 | E75: 8086 | F75: =VLOOKUP(E75,ддд,2,FALSE) -> 13 | G75: =VLOOKUP(E75,ддд,3,FALSE) -> 25 | H75: =VLOOKUP(E75,ддд,4,FALSE) -> 70 | I75: =VLOOKUP(E75,ддд,5,FALSE) -> 6.2925 | M75: тығырық / сальник | P75: белдік/ремень
D76: =COUNT(E6:E75) -> 70 | G76: =SUM(G6:G75) -> 2750 | I76: =SUM(I6:I75) -> 353.219
F77: 2 00 | G77: 4 00 | H77: 6 00 | J77: 8 00 | L77: 10 00 | M77: 12 00 | N77: 14 00 | O77: 16 00 | P77: 18 00 | Q77: 20 00 | R77: 22 00 | S77: 24 00
A78: Жоспар
A79: ТQ
A80: Замер
A81: Жасалған жұмыстар | M81: ЖАЖ | N81: №скв | P81: №бриг | Q81: Ақпараты

Sheet Карта экспорт
A1: ТҚ-93 — Excel экспорт картасы
A2: Сары бағандарды толтырыңыз: Excel-дегі лист атауы, ұяшық/диапазон және қажет болса ескерту. Журналдың баспа үлгісін өзгертпеңіз.
A4: № | B4: Қосымша бөлімі | C4: Өріс атауы | D4: Excel листі | E4: Ұяшық / диапазон | F4: Мәлімет түрі | G4: Қайталану | H4: Ескерту / үлгі
A5: 1 | B5: Журнал тақырыбы | C5: Күні | D5: 93 | E5: ='93'!I2 -> " " | F5: күн | H5: Мысалы: B2
A6: 2 | B6: Журнал тақырыбы | C6: Вахта | D6: 93 | E6: ='93'!S2 -> 0 | F6: мәтін
A7: 3 | B7: Журнал тақырыбы | C7: Шебердің аты-жөні | D7: 93 | E7: ='93'!Q2 -> 0 | F7: мәтін
A8: 4 | B8: Жалпы мәлімет | C8: Барлық скважина саны | D8: 93 | E8: ='93'!N6 -> 0 | F8: сан
A9: 5 | B9: Жалпы мәлімет | C9: Жұмыстағы скважина саны | D9: 93 | E9: ='93'!P6 -> 0 | F9: сан
A10: 6 | B10: Жалпы мәлімет | C10: Тоқтап тұрған скважина саны | D10: 93 | E10: ='93'!R6 -> 0 | F10: сан
A11: 7 | B11: Жалпы мәлімет | C11: Бас құбыр | D11: 93 | E11: ='93'!N7 -> 0 | F11: сан
A12: 8 | B12: Жалпы мәлімет | C12: Қазан | D12: 93 | E12: ='93'!P7 -> 0 | F12: сан
A13: 9 | B13: Жалпы мәлімет | C13: ГӨЗ | D13: 93 | E13: ='93'!R7 -> 0 | F13: сан
A14: 10 | B14: Буфер / затруб | C14: Скважина №____ — буфер | D14: 93 | E14: ='93'!J6 -> 0 | F14: сан не мәтін | G14: әр скважина
A15: 11 | B15: Буфер / затруб | C15: Скважина №____ — затруб | D15: 93 | E15: ='93'!K6 -> 0 | F15: сан не мәтін | G15: әр скважина
A16: 12 | B16: Буфер / затруб | C16: Скважина №____ — ескерту | D16: 93 | E16: ='93'!L6 -> 0 | F16: мәтін | G16: әр скважина | H16: Мысалы: ПРС
A17: 13 | B17: Химреагент | C17: Объект атауы | D17: 93 | E17: ='93'!M10 -> 0 | F17: мәтін | H17: 1ші қатар
A18: 14 | B18: Химреагент | C18: Объект атауы | D18: 93 | E18: ='93'!M11 -> 0 | F18: мәтін
A19: 15 | B19: Химреагент | C19: Объект атауы | D19: 93 | E19: ='93'!M12 -> 0 | F19: мәтін
A20: 16 | B20: Химреагент | C20: Объект атауы | D20: 93 | E20: ='93'!M13 -> 0 | F20: мәтін
A21: 17 | B21: Химреагент | C21: Объект атауы | D21: 93 | E21: ='93'!M14 -> 0 | F21: мәтін
A22: 18 | B22: Химреагент | C22: Объект атауы | D22: 93 | E22: ='93'!M15 -> 0 | F22: мәтін
A23: 19 | B23: Химреагент | C23: Объект атауы | D23: 93 | E23: ='93'!M16 -> 0 | F23: мәтін
A24: 20 | B24: Химреагент | C24: Объект атауы | D24: 93 | E24: ='93'!P10 -> 0 | F24: мәтін | H24: 2ші қатар
A25: 21 | B25: Химреагент | C25: Объект атауы | D25: 93 | E25: ='93'!P11 -> 0 | F25: мәтін
A26: 22 | B26: Химреагент | C26: Объект атауы | D26: 93 | E26: ='93'!P12 -> 0 | F26: мәтін
A27: 23 | B27: Химреагент | C27: Объект атауы | D27: 93 | E27: ='93'!P13 -> 0 | F27: мәтін
A28: 24 | B28: Химреагент | C28: Объект атауы | D28: 93 | E28: ='93'!P14 -> 0 | F28: мәтін
A29: 25 | B29: Химреагент | C29: Объект атауы | D29: 93 | E29: ='93'!P15 -> 0 | F29: мәтін
A30: 26 | B30: Химреагент | C30: Объект атауы | D30: 93 | E30: ='93'!P16 -> 0 | F30: мәтін
A31: 27 | B31: Химреагент | C31: Деңгейі | D31: 93 | E31: ='93'!N10 -> 0 | F31: сан не мәтін | H31: 1ші қатар
A32: 28 | B32: Химреагент | C32: Деңгейі | D32: 93 | E32: ='93'!N11 -> 0 | F32: сан не мәтін
A33: 29 | B33: Химреагент | C33: Деңгейі | D33: 93 | E33: ='93'!N12 -> 0 | F33: сан не мәтін
A34: 30 | B34: Химреагент | C34: Деңгейі | D34: 93 | E34: ='93'!N13 -> 0 | F34: сан не мәтін
A35: 31 | B35: Химреагент | C35: Деңгейі | D35: 93 | E35: ='93'!N14 -> 0 | F35: сан не мәтін
A36: 32 | B36: Химреагент | C36: Деңгейі | D36: 93 | E36: ='93'!N15 -> 0 | F36: сан не мәтін
A37: 33 | B37: Химреагент | C37: Деңгейі | D37: 93 | E37: ='93'!N16 -> 0 | F37: сан не мәтін
A38: 34 | B38: Химреагент | C38: Деңгейі | D38: 93 | E38: ='93'!Q10 -> 0 | F38: сан не мәтін | H38: 2ші қатар
A39: 35 | B39: Химреагент | C39: Деңгейі | D39: 93 | E39: ='93'!Q11 -> 0 | F39: сан не мәтін
A40: 36 | B40: Химреагент | C40: Деңгейі | D40: 93 | E40: ='93'!Q12 -> 0 | F40: сан не мәтін
A41: 37 | B41: Химреагент | C41: Деңгейі | D41: 93 | E41: ='93'!Q13 -> 0 | F41: сан не мәтін
A42: 38 | B42: Химреагент | C42: Деңгейі | D42: 93 | E42: ='93'!Q14 -> 0 | F42: сан не мәтін
A43: 39 | B43: Химреагент | C43: Деңгейі | D43: 93 | E43: ='93'!Q15 -> 0 | F43: сан не мәтін
A44: 40 | B44: Химреагент | C44: Деңгейі | D44: 93 | E44: ='93'!Q16 -> 0 | F44: сан не мәтін
A45: 41 | B45: Пештер | C45: Пеш атауы | D45: 93 | E45: ='93'!M19 -> 0 | F45: мәтін | H45: 1ші қатар
A46: 42 | B46: Пештер | C46: Пеш атауы | D46: 93 | E46: ='93'!M20 -> 0 | F46: мәтін
A47: 43 | B47: Пештер | C47: Пеш атауы | D47: 93 | E47: ='93'!M21 -> 0 | F47: мәтін
A48: 44 | B48: Пештер | C48: Пеш атауы | D48: 93 | E48: ='93'!M22 -> 0 | F48: мәтін
A49: 45 | B49: Пештер | C49: Пеш атауы | D49: 93 | E49: ='93'!M23 -> 0 | F49: мәтін
A50: 46 | B50: Пештер | C50: Пеш атауы | D50: 93 | E50: ='93'!M24 -> 0 | F50: мәтін
A51: 47 | B51: Пештер | C51: Пеш атауы | D51: 93 | E51: ='93'!M25 -> 0 | F51: мәтін
A52: 48 | B52: Пештер | C52: Пеш атауы | D52: 93 | E52: ='93'!M26 -> 0 | F52: мәтін
A53: 49 | B53: Пештер | C53: Пеш атауы | D53: 93 | E53: ='93'!M27 -> 0 | F53: мәтін
A54: 50 | B54: Пештер | C54: Пеш атауы | D54: 93 | E54: ='93'!M28 -> 0 | F54: мәтін
A55: 51 | B55: Пештер | C55: Пеш атауы | D55: 93 | E55: ='93'!M29 -> 0 | F55: мәтін
A56: 52 | B56: Пештер | C56: Пеш атауы | D56: 93 | E56: ='93'!M30 -> 0 | F56: мәтін
A57: 53 | B57: Пештер | C57: Пеш атауы | D57: 93 | E57: ='93'!P19 -> 0 | F57: мәтін | H57: 2ші қатар
A58: 54 | B58: Пештер | C58: Пеш атауы | D58: 93 | E58: ='93'!P20 -> 0 | F58: мәтін
A59: 55 | B59: Пештер | C59: Пеш атауы | D59: 93 | E59: ='93'!P21 -> 0 | F59: мәтін
A60: 56 | B60: Пештер | C60: Пеш атауы | D60: 93 | E60: ='93'!P22 -> 0 | F60: мәтін
A61: 57 | B61: Пештер | C61: Пеш атауы | D61: 93 | E61: ='93'!P23 -> 0 | F61: мәтін
A62: 58 | B62: Пештер | C62: Пеш атауы | D62: 93 | E62: ='93'!P24 -> 0 | F62: мәтін
A63: 59 | B63: Пештер | C63: Пеш атауы | D63: 93 | E63: ='93'!P25 -> 0 | F63: мәтін
A64: 60 | B64: Пештер | C64: Пеш атауы | D64: 93 | E64: ='93'!P26 -> 0 | F64: мәтін
A65: 61 | B65: Пештер | C65: Пеш атауы | D65: 93 | E65: ='93'!P27 -> 0 | F65: мәтін
A66: 62 | B66: Пештер | C66: Пеш атауы | D66: 93 | E66: ='93'!P28 -> 0 | F66: мәтін
A67: 63 | B67: Пештер | C67: Пеш атауы | D67: 93 | E67: ='93'!P29 -> 0 | F67: мәтін
A68: 64 | B68: Пештер | C68: Пеш атауы | D68: 93 | E68: ='93'!P30 -> 0 | F68: мәтін
A69: 65 | B69: Пештер | C69: Жағдайы: жанып тұр / сөніп тұр | D69: 93 | E69: ='93'!N19 -> 0 | F69: таңдау | H69: 1ші қатар
A70: 66 | B70: Пештер | C70: Жағдайы: жанып тұр / сөніп тұр | D70: 93 | E70: ='93'!N20 -> 0 | F70: таңдау
A71: 67 | B71: Пештер | C71: Жағдайы: жанып тұр / сөніп тұр | D71: 93 | E71: ='93'!N21 -> 0 | F71: таңдау
A72: 68 | B72: Пештер | C72: Жағдайы: жанып тұр / сөніп тұр | D72: 93 | E72: ='93'!N22 -> 0 | F72: таңдау
A73: 69 | B73: Пештер | C73: Жағдайы: жанып тұр / сөніп тұр | D73: 93 | E73: ='93'!N23 -> 0 | F73: таңдау
A74: 70 | B74: Пештер | C74: Жағдайы: жанып тұр / сөніп тұр | D74: 93 | E74: ='93'!N24 -> 0 | F74: таңдау
A75: 71 | B75: Пештер | C75: Жағдайы: жанып тұр / сөніп тұр | D75: 93 | E75: ='93'!N25 -> 0 | F75: таңдау
A76: 72 | B76: Пештер | C76: Жағдайы: жанып тұр / сөніп тұр | D76: 93 | E76: ='93'!N26 -> 0 | F76: таңдау
A77: 73 | B77: Пештер | C77: Жағдайы: жанып тұр / сөніп тұр | D77: 93 | E77: ='93'!N27 -> 0 | F77: таңдау
A78: 74 | B78: Пештер | C78: Жағдайы: жанып тұр / сөніп тұр | D78: 93 | E78: ='93'!N28 -> 0 | F78: таңдау
A79: 75 | B79: Пештер | C79: Жағдайы: жанып тұр / сөніп тұр | D79: 93 | E79: ='93'!N29 -> 0 | F79: таңдау
A80: 76 | B80: Пештер | C80: Жағдайы: жанып тұр / сөніп тұр | D80: 93 | E80: ='93'!N30 -> 0 | F80: таңдау
A81: 77 | B81: Пештер | C81: Жағдайы: жанып тұр / сөніп тұр | D81: 93 | E81: ='93'!Q19 -> 0 | F81: таңдау | H81: 2ші қатар
A82: 78 | B82: Пештер | C82: Жағдайы: жанып тұр / сөніп тұр | D82: 93 | E82: ='93'!Q20 -> 0 | F82: таңдау
A83: 79 | B83: Пештер | C83: Жағдайы: жанып тұр / сөніп тұр | D83: 93 | E83: ='93'!Q21 -> 0 | F83: таңдау
A84: 80 | B84: Пештер | C84: Жағдайы: жанып тұр / сөніп тұр | D84: 93 | E84: ='93'!Q22 -> 0 | F84: таңдау
A85: 81 | B85: Пештер | C85: Жағдайы: жанып тұр / сөніп тұр | D85: 93 | E85: ='93'!Q23 -> 0 | F85: таңдау
A86: 82 | B86: Пештер | C86: Жағдайы: жанып тұр / сөніп тұр | D86: 93 | E86: ='93'!Q24 -> 0 | F86: таңдау
A87: 83 | B87: Пештер | C87: Жағдайы: жанып тұр / сөніп тұр | D87: 93 | E87: ='93'!Q25 -> 0 | F87: таңдау
A88: 84 | B88: Пештер | C88: Жағдайы: жанып тұр / сөніп тұр | D88: 93 | E88: ='93'!Q26 -> 0 | F88: таңдау
A89: 85 | B89: Пештер | C89: Жағдайы: жанып тұр / сөніп тұр | D89: 93 | E89: ='93'!Q27 -> 0 | F89: таңдау
A90: 86 | B90: Пештер | C90: Жағдайы: жанып тұр / сөніп тұр | D90: 93 | E90: ='93'!Q28 -> 0 | F90: таңдау
A91: 87 | B91: Пештер | C91: Жағдайы: жанып тұр / сөніп тұр | D91: 93 | E91: ='93'!Q29 -> 0 | F91: таңдау
A92: 88 | B92: Пештер | C92: Жағдайы: жанып тұр / сөніп тұр | D92: 93 | E92: ='93'!Q30 -> 0 | F92: таңдау
A93: 89 | B93: Пештер | C93: Су деңгейі: аз / орташа / толы | D93: 93 | E93: ='93'!O19 -> 0 | F93: таңдау | H93: 1ші қатар
A94: 90 | B94: Пештер | C94: Су деңгейі: аз / орташа / толы | D94: 93 | E94: ='93'!O20 -> 0 | F94: таңдау
A95: 91 | B95: Пештер | C95: Су деңгейі: аз / орташа / толы | D95: 93 | E95: ='93'!O21 -> 0 | F95: таңдау
A96: 92 | B96: Пештер | C96: Су деңгейі: аз / орташа / толы | D96: 93 | E96: ='93'!O22 -> 0 | F96: таңдау
A97: 93 | B97: Пештер | C97: Су деңгейі: аз / орташа / толы | D97: 93 | E97: ='93'!O23 -> 0 | F97: таңдау
A98: 94 | B98: Пештер | C98: Су деңгейі: аз / орташа / толы | D98: 93 | E98: ='93'!O24 -> 0 | F98: таңдау
A99: 95 | B99: Пештер | C99: Су деңгейі: аз / орташа / толы | D99: 93 | E99: ='93'!O25 -> 0 | F99: таңдау
A100: 96 | B100: Пештер | C100: Су деңгейі: аз / орташа / толы | D100: 93 | E100: ='93'!O26 -> 0 | F100: таңдау
A101: 97 | B101: Пештер | C101: Су деңгейі: аз / орташа / толы | D101: 93 | E101: ='93'!O27 -> 0 | F101: таңдау
...
